index,published,topic,term,domain,language,valid,de,title,description,en,la,url,image,archive,content,quote,added,feed,country,ipcc,continent
bff4264061359eb3bf1bde0ff37b3ab0,2026-01-01T07:00:04Z,Drought,日照り続く日本,mobilelaby.com,ja,0.1,"Bis zu 56 % Rabatt!! Machen Sie Ihr neues Jahr zu einem Smart Home mit dem ersten Angebot von SwitchBot: Empfohlene Sets für verschiedene Zwecke. Am 3. Januar findet ab 9 Uhr morgens ein toller Sale mit bis zu 56 % Rabatt auf SwitchBot-Produkte statt.

SwitchBot stellte außerdem einen Gutscheincode über 400 Yen Rabatt zur Verfügung, „26NEW02“. Es kann in Verbindung mit Verkaufspreisen verwendet werden, sodass Sie das Produkt, an dem Sie interessiert sind, einfacher als gewöhnlich kaufen können.

Wir stellen Kombinationen vor, die je nach Wunsch nachgeahmt werden können, darunter Smart-Home-Einführungssets, Eingangsschlösser und Reinigungsautomatisierung. Wenn das neue Jahr näher rückt, sollten wir die kleinen Aufgaben zu Hause auf einmal reduzieren.



Smart-Home-Einführungsset

Von nun an wird es ein Smart Home...",最大56%オフ!! SwitchBot初売りセールで新年スマートホーム化：目的別おすすめセット,"SwitchBotの製品が最大56%オフになる、お得なセールが1月3日9時から開催されます。

SwitchBotから400円オフのクーポンコード「26NEW02」も提供されました。セール価格と併用できるので、気になっていた製品をいつもより手軽に導入するチャンスです。

スマートホーム入門セットをはじめ、玄関の鍵や掃除の自動化など、やりたいこと別にそのまま真似できる組み合わせを紹介します。新年のタイミングで、家の小さな手間をまとめて減らしていきましょう。



スマートホーム入門セット

これからスマートホーム化…","Up to 56% off!! Make your new year smart home with SwitchBot's first sale: Recommended sets for different purposes. A great sale with up to 56% off on SwitchBot products will be held from 9am on January 3rd.

SwitchBot also provided a coupon code of 400 yen off, ``26NEW02''. It can be used in conjunction with sale prices, so it's a chance to purchase the product you've been interested in more easily than usual.

We will introduce combinations that can be imitated depending on what you want to do, including smart home introductory sets, entrance locks, and cleaning automation. As the new year approaches, let's reduce the small tasks at home all at once.



Smart home introductory set

From now on, it will become a smart home...","Usque ad 56% off!! Fac domum tuam novum annum callidum cum prima venditione SwitchBot: Commendatur ponit ad diversos usus. Magna venditio cum usque ad 56% off in SwitchBot producta tenebitur ex 9am die 3 Ianuarii.

SwitchBot etiam codici de 400 nummis aureis praebebat, `26NEW02'. Coniunctim cum pretiis venditionis adhiberi potest, ut facultas emendi factum te solito facilius quam solitum fuistis.

Compositiones inducemus quae imitari possunt secundum quod vis facere, inter quas dolor domus introductorias ponit, seras introitus, et automationem purgatio. Cum novus annus accedit, parva negotia domi statim reducamus.



Dolor home introductory set

Posthac, efficitur dolor penatibus...",https://mobilelaby.com/blog-entry-amazon-new-year-sale-switchbot-2026.html,https://i0.wp.com/mobilelaby.com/wp/wp-content/uploads/amazon-new-year-sale-switchbot-2026.jpg?fit=1280%2C848&ssl=1,,"1
2
<ul><li></li><li></li><li>UltraPro</li><li>()BluetoothUltraPro</li><li>ICennkaPASMO</li></ul>
SwitchBotSwitchBot S10125.2
S10
SwitchBot",,2026-01-02 20:54:06+00:00,edo,Japan,EAS,Asia
b4988d15edb462aa868dc1e327c526c3,2026-01-01T10:50:00Z,Precipitation,土砂降りのゾナ・シュール,uekusak.cocolog-nifty.com,ja,0.2,"Die Zukunft der Parlamentswahlen zum Repräsentantenhaus 2026. Euch allen ein frohes neues Jahr.
Ich bete, dass 2026 ein Jahr des Friedens und der Ruhe wird und dass es für alle ein wunderbares Jahr wird.
Ich möchte über diesen Blog und E-Mail-Newsletter wahrheitsgetreue Informationen versenden.
Wir bitten Sie in diesem Jahr demütig um Ihre weitere Unterstützung.
Vielen Dank, dass Sie unseren E-Mail-Newsletter gelesen haben.

Im Jahr 2026 hat das Jahr von Hinoeuma begonnen.
In Sanmeigaku, einer alten chinesischen Schicksalstheorie, ist C das feurige Yang und repräsentiert die Sonne.
Der Nachmittag ist auch ein feuriges Yang, das das Feuer des Mittsommers darstellt.
Heigo, das alle 60 Jahre stattfindet, markiert den Höhepunkt der Fröhlichkeit.
…",2026年衆院総選挙のゆくえ,"みなさま、新年あけましておめでとうございます。
２０２６年が平和で穏やかな年になり、みなさまにとって素晴らしい一年になることを祈念いたします。
本ブログ、メルマガを通じて真実の情報を発信してまいりたく思います。
本年も変わらぬご高配を賜りますよう謹んでお願い申し上げます。
メルマガご高読も謹んでお願い申し上げます。

２０２６年、丙午（ひのえうま）の年が明けた。
中国古来の運命学である算命学では、丙は火性の陽で太陽を表す。
午も火性の陽で真夏の火を表す。
６０年に１度の年回りである丙午は陽気のピークを示すもの。
…","The future of the 2026 House of Representatives general election. Happy New Year to all of you.
I pray that 2026 will be a year of peace and calm, and that it will be a wonderful year for everyone.
I would like to send out true information through this blog and email newsletter.
We humbly ask for your continued support this year.
Thank you very much for reading our e-mail newsletter.

In 2026, the year of Hinoeuma has begun.
In Sanmeigaku, an ancient Chinese theory of fate, C is the fiery yang and represents the sun.
The afternoon is also a fiery yang, representing the fire of midsummer.
Heigo, which occurs once every 60 years, marks the peak of cheerfulness.
…","Futurum 2026 Domus Legatorum electionem generalem. Novus annus ad vos omnes.
Oro ut 2026 annus pacis et tranquillitatis erit, et annus erit omnibus mirabilis.
Vellem veras informationes mittere per hoc diarium et inscriptionem electronicam.
Tuis continuis hoc anno subsidia suppliciter exoptamus.
Optime tibi gratias ago pro legendi nostri e-mail newsletter.

Anno 2026, annus Hinoeuma incepit.
In Sanmeigaku, antiqua Sinensium ratio fatorum, C est igneus Yang et solem repraesentat.
Igneus etiam Yang meridianus est, qui ignem solstitionis significat.
Heigo, quod semel singulis 60 annis occurrit, apicem hilaritatis notat.
...",http://uekusak.cocolog-nifty.com/blog/2026/01/post-00d59e.html,https://uekusak.cocolog-nifty.com/blog/images/mof02_20250612151801.jpg,,みなさま、新年あけましておめでとうございます。２０２６年が平和で穏やかな年になり、みなさまにとって素晴らしい一年になることを祈念いたします。本ブログ、メルマガを通じて真実の情報を発信してまいりたく思います。本年も変わらぬご高配を賜りますよう謹んでお願い申し上げます。メルマガご高読も謹んでお願い申し上げます。２０２６年、丙午（ひのえうま）の年が明けた。中国古来の運命学である算命学では、丙は火性の陽… [+2720 chars],,2026-01-03 02:29:11+00:00,wmo,Ecuador,NWS,South-America
